CREATE DATABASE  IF NOT EXISTS `Neighbours` /*!40100 DEFAULT CHARACTER SET latin1 */;
USE `Neighbours`;
-- MySQL dump 10.13  Distrib 5.6.19, for osx10.7 (i386)
--
-- Host: localhost    Database: Neighbours
-- ------------------------------------------------------
-- Server version	5.7.10

/*!40101 SET @OLD_CHARACTER_SET_CLIENT=@@CHARACTER_SET_CLIENT */;
/*!40101 SET @OLD_CHARACTER_SET_RESULTS=@@CHARACTER_SET_RESULTS */;
/*!40101 SET @OLD_COLLATION_CONNECTION=@@COLLATION_CONNECTION */;
/*!40101 SET NAMES utf8 */;
/*!40103 SET @OLD_TIME_ZONE=@@TIME_ZONE */;
/*!40103 SET TIME_ZONE='+00:00' */;
/*!40014 SET @OLD_UNIQUE_CHECKS=@@UNIQUE_CHECKS, UNIQUE_CHECKS=0 */;
/*!40014 SET @OLD_FOREIGN_KEY_CHECKS=@@FOREIGN_KEY_CHECKS, FOREIGN_KEY_CHECKS=0 */;
/*!40101 SET @OLD_SQL_MODE=@@SQL_MODE, SQL_MODE='NO_AUTO_VALUE_ON_ZERO' */;
/*!40111 SET @OLD_SQL_NOTES=@@SQL_NOTES, SQL_NOTES=0 */;

--
-- Table structure for table `Appliances`
--

DROP TABLE IF EXISTS `Appliances`;
/*!40101 SET @saved_cs_client     = @@character_set_client */;
/*!40101 SET character_set_client = utf8 */;
CREATE TABLE `Appliances` (
  `idAppliances` int(11) NOT NULL AUTO_INCREMENT,
  `Name` varchar(45) DEFAULT NULL,
  `Power` int(11) DEFAULT NULL,
  `icon` varchar(45) DEFAULT NULL,
  `x` int(3) DEFAULT NULL,
  `y` int(3) DEFAULT NULL,
  PRIMARY KEY (`idAppliances`)
) ENGINE=InnoDB AUTO_INCREMENT=100 DEFAULT CHARSET=latin1;
/*!40101 SET character_set_client = @saved_cs_client */;

--
-- Dumping data for table `Appliances`
--

LOCK TABLES `Appliances` WRITE;
/*!40000 ALTER TABLE `Appliances` DISABLE KEYS */;
INSERT INTO `Appliances` VALUES (1,'Immersion heater',3000,'immersion',220,90),(2,'Light bulb',60,'bulb',223,30),(3,'Electric drill',900,'power_tool',170,90),(4,'Fan heater',1200,'fan_heater',290,90),(5,'Storage heater',2500,'heater',290,90),(10,'BEDROOM',0,'0',999,777),(11,'Light bulb',60,'bulb',150,150),(12,'Spot lights',50,'spot',190,150),(13,'LEDs',8,'led',110,150),(14,'TV',170,'TV',100,180),(15,'Low energy light',12,'cfd',150,180),(16,'HiFi',1200,'radio',190,180),(17,'iPad',4,'tablet',150,180),(18,'Fish tank',80,'',100,180),(19,'Fan heater',1200,'fan_heater',200,210),(20,'Storage heater',2500,'heater',200,210),(21,'Vaccum cleaner',1200,'vacuum_cleaner',100,210),(30,'BATHROOM',0,'0',999,777),(31,'Light bulb',60,'bulb',300,150),(32,'Spot lights',50,'spot',350,150),(33,'LEDs',8,'led',250,150),(34,'Hairdryer',2000,'hair_dryer',250,180),(35,'Hair curler',40,'hair_curler',290,180),(36,'Hair straighteners',40,'hair_curler',340,180),(38,'Electric toothbrush',40,'toothbrush',340,180),(39,'Fan heater',1200,'fan_heater',350,180),(40,'Storage heater',2500,'heater',350,180),(50,'KITCHEN',0,'0',999,255),(51,'Light bulb',60,'bulb',250,255),(52,'Spot lights',50,'spot',300,255),(53,'LEDs',8,'led',350,255),(55,'Kettle',2200,'kettle',320,270),(56,'Oven',2200,'oven',340,320),(57,'Hob',1400,'hob',340,290),(58,'Microwave',800,'microwave',350,270),(59,'Fridge',120,'fridge',290,280),(61,'Dishwasher',1050,'dishwasher',290,320),(62,'Washing machine',2000,'washing_machine',250,320),(63,'Tumble dryer',2000,'tumble_dryer',250,280),(70,'LIVING ROOM',0,'0',999,777),(71,'Light bulb',60,'bulb',150,255),(72,'Spot lights',50,'spot',110,255),(73,'LEDs',8,'led',190,255),(74,'HiFi',1200,'radio',200,280),(75,'TV',170,'TV',100,280),(76,'DVD + TV',140,'DVD',100,280),(78,'Games console',45,'games',150,280),(79,'Radio',40,'radio',200,280),(80,'Record player',45,'records',200,280),(81,'Laptop',50,'laptop',200,280),(82,'Broadband router',10,'router',100,320),(83,'PC',120,'computer',200,280),(84,'Printer (stand by)',20,'printer',150,320),(87,'Telephone',20,'mobile',200,320),(88,'Mobile phone charger',3,'mobile',200,320),(89,'Fan heater',1200,'fan_heater',100,320),(90,'Storage heater',2500,'heater',100,320),(91,'Electric blanket',130,'blanket',100,320),(99,'Electric car charger',4000,'ev',40,280);
/*!40000 ALTER TABLE `Appliances` ENABLE KEYS */;
UNLOCK TABLES;

--
-- Table structure for table `Choices`
--

DROP TABLE IF EXISTS `Choices`;
/*!40101 SET @saved_cs_client     = @@character_set_client */;
/*!40101 SET character_set_client = utf8 */;
CREATE TABLE `Choices` (
  `Street_idStreet` int(11) DEFAULT NULL,
  `House_idHouse` int(11) DEFAULT NULL,
  `Appliance_idAppliance` int(11) DEFAULT NULL,
  `Minutes` int(11) DEFAULT NULL,
  `House_Round` int(11) DEFAULT '0',
  `idChoices` int(11) NOT NULL AUTO_INCREMENT,
  PRIMARY KEY (`idChoices`)
) ENGINE=InnoDB AUTO_INCREMENT=73194 DEFAULT CHARSET=latin1;
/*!40101 SET character_set_client = @saved_cs_client */;

--
-- Dumping data for table `Choices`
--

LOCK TABLES `Choices` WRITE;
/*!40000 ALTER TABLE `Choices` DISABLE KEYS */;
INSERT INTO `Choices` VALUES (0,1,1,60,0,1),(0,1,2,60,0,2),(0,1,3,60,0,3),(0,1,4,60,0,4),(0,1,5,60,0,5),(0,1,11,60,0,6),(0,1,12,60,0,7),(0,1,13,60,0,8),(0,1,14,60,0,9),(0,1,15,60,0,10),(0,1,16,60,0,11),(0,1,17,60,0,12),(0,1,18,60,0,13),(0,1,19,60,0,14),(0,1,20,60,0,15),(0,1,31,60,0,16),(0,1,32,60,0,17),(0,1,33,60,0,18),(0,1,34,60,0,19),(0,1,35,60,0,20),(0,1,36,60,0,21),(0,1,37,60,0,22),(0,1,38,60,0,23),(0,1,39,60,0,24),(0,1,40,60,0,25),(0,1,51,60,0,26),(0,1,52,60,0,27),(0,1,53,60,0,28),(0,1,55,60,0,29),(0,1,56,60,0,30),(0,1,57,60,0,31),(0,1,58,60,0,32),(0,1,59,60,0,33),(0,1,61,60,0,34),(0,1,62,60,0,35),(0,1,63,60,0,36),(0,1,71,60,0,37),(0,1,72,60,0,38),(0,1,73,60,0,39),(0,1,74,60,0,40),(0,1,75,60,0,41),(0,1,76,60,0,42),(0,1,78,60,0,43),(0,1,79,60,0,44),(0,1,80,60,0,45),(0,1,81,60,0,46),(0,1,82,60,0,47),(0,1,83,60,0,48),(0,1,84,60,0,49),(0,1,87,60,0,50),(0,1,88,60,0,51),(0,1,89,60,0,52),(0,1,90,60,0,53),(0,1,91,60,0,54),(0,1,99,60,0,55),(0,2,1,60,0,56),(0,2,2,60,0,57),(0,2,4,60,0,58),(0,2,11,60,0,59),(0,2,19,60,0,60),(0,2,31,60,0,61),(0,2,51,30,0,62),(0,2,55,10,0,63),(0,2,56,30,0,64),(0,2,57,10,0,65),(0,2,59,60,0,66),(0,2,62,20,0,67),(0,2,71,60,0,68),(0,2,72,60,0,69),(0,2,80,60,0,70),(0,2,75,60,0,71),(0,2,89,60,0,72),(0,3,2,60,0,73),(0,3,3,5,0,74),(0,3,13,60,0,75),(0,3,14,60,0,76),(0,3,16,60,0,77),(0,3,17,60,0,78),(0,3,33,60,0,79),(0,3,34,20,0,80),(0,3,35,20,0,81),(0,3,38,20,0,82),(0,3,51,30,0,83),(0,3,52,30,0,84),(0,3,55,10,0,85),(0,3,58,10,0,86),(0,3,59,60,0,87),(0,3,61,60,0,88),(0,3,63,20,0,89),(0,3,71,60,0,90),(0,3,72,60,0,91),(0,3,73,60,0,92),(0,3,75,60,0,93),(0,3,78,60,0,94),(0,3,81,60,0,95),(0,3,82,60,0,96),(0,3,84,60,0,97),(0,3,88,60,0,98),(0,3,99,60,0,99),(0,4,1,30,0,100),(0,4,11,60,0,101),(0,4,12,60,0,102),(0,4,14,60,0,103),(0,4,17,60,0,104),(0,4,21,30,0,105),(0,4,32,60,0,106),(0,4,33,30,0,107),(0,4,34,10,0,108),(0,4,38,4,0,109),(0,4,52,30,0,110),(0,4,53,60,0,111),(0,4,55,10,0,112),(0,4,56,30,0,113),(0,4,57,20,0,114),(0,4,59,60,0,115),(0,4,60,60,0,116),(0,4,61,60,0,117),(0,4,62,30,0,118),(0,4,63,30,0,119),(0,4,72,60,0,120),(0,4,73,60,0,121),(0,4,76,60,0,122),(0,4,88,60,0,123),(0,5,2,60,0,124),(0,5,11,60,0,125),(0,5,14,60,0,126),(0,5,17,60,0,127),(0,5,31,60,0,128),(0,5,35,15,0,129),(0,5,38,5,0,130),(0,5,51,60,0,131),(0,5,52,60,0,132),(0,5,55,10,0,133),(0,5,57,5,0,134),(0,5,58,12,0,135),(0,5,59,60,0,136),(0,5,62,30,0,137),(0,5,71,60,0,138),(0,5,72,60,0,139),(0,5,76,60,0,140),(0,5,78,20,0,141),(0,5,81,60,0,142),(0,5,88,10,0,143),(71,363,1,60,0,72754),(71,363,2,60,0,72755),(71,363,4,60,0,72756),(71,363,11,60,0,72757),(71,363,19,60,0,72758),(71,363,31,60,0,72759),(71,363,51,30,0,72760),(71,363,55,10,0,72761),(71,363,56,30,0,72762),(71,363,57,10,0,72763),(71,363,59,60,0,72764),(71,363,62,20,0,72765),(71,363,71,60,0,72766),(71,363,72,60,0,72767),(71,363,80,60,0,72768),(71,363,75,60,0,72769),(71,363,89,60,0,72770),(71,363,1,60,1,72771),(71,363,2,60,1,72772),(71,363,4,60,1,72773),(71,363,11,60,1,72774),(71,363,19,60,1,72775),(71,363,31,60,1,72776),(71,363,51,30,1,72777),(71,363,55,10,1,72778),(71,363,56,30,1,72779),(71,363,57,10,1,72780),(71,363,59,60,1,72781),(71,363,62,20,1,72782),(71,363,71,60,1,72783),(71,363,72,60,1,72784),(71,363,80,60,1,72785),(71,363,75,60,1,72786),(71,363,89,60,1,72787),(71,364,2,60,0,72788),(71,364,3,5,0,72789),(71,364,13,60,0,72790),(71,364,14,60,0,72791),(71,364,16,60,0,72792),(71,364,17,60,0,72793),(71,364,33,60,0,72794),(71,364,34,20,0,72795),(71,364,35,20,0,72796),(71,364,38,20,0,72797),(71,364,51,30,0,72798),(71,364,52,30,0,72799),(71,364,55,10,0,72800),(71,364,58,10,0,72801),(71,364,59,60,0,72802),(71,364,61,60,0,72803),(71,364,63,20,0,72804),(71,364,71,60,0,72805),(71,364,72,60,0,72806),(71,364,73,60,0,72807),(71,364,75,60,0,72808),(71,364,78,60,0,72809),(71,364,81,60,0,72810),(71,364,82,60,0,72811),(71,364,84,60,0,72812),(71,364,88,60,0,72813),(71,364,99,60,0,72814),(71,364,2,60,1,72815),(71,364,3,5,1,72816),(71,364,13,60,1,72817),(71,364,14,60,1,72818),(71,364,16,60,1,72819),(71,364,17,60,1,72820),(71,364,33,60,1,72821),(71,364,34,20,1,72822),(71,364,35,20,1,72823),(71,364,38,20,1,72824),(71,364,51,30,1,72825),(71,364,52,30,1,72826),(71,364,55,10,1,72827),(71,364,58,10,1,72828),(71,364,59,60,1,72829),(71,364,61,60,1,72830),(71,364,63,20,1,72831),(71,364,71,60,1,72832),(71,364,72,60,1,72833),(71,364,73,60,1,72834),(71,364,75,60,1,72835),(71,364,78,60,1,72836),(71,364,81,60,1,72837),(71,364,82,60,1,72838),(71,364,84,60,1,72839),(71,364,88,60,1,72840),(71,364,99,60,1,72841),(71,363,1,28,2,72842),(71,363,2,60,2,72843),(71,363,4,60,2,72844),(71,363,11,60,2,72845),(71,363,19,60,2,72846),(71,363,31,60,2,72847),(71,363,51,30,2,72848),(71,363,55,10,2,72849),(71,363,56,30,2,72850),(71,363,57,10,2,72851),(71,363,59,60,2,72852),(71,363,62,20,2,72853),(71,363,71,60,2,72854),(71,363,72,60,2,72855),(71,363,80,60,2,72856),(71,363,75,60,2,72857),(71,363,89,60,2,72858),(71,364,2,60,2,72859),(71,364,3,5,2,72860),(71,364,13,60,2,72861),(71,364,14,60,2,72862),(71,364,16,60,2,72863),(71,364,17,60,2,72864),(71,364,33,60,2,72865),(71,364,34,20,2,72866),(71,364,35,20,2,72867),(71,364,38,20,2,72868),(71,364,51,30,2,72869),(71,364,52,30,2,72870),(71,364,55,10,2,72871),(71,364,58,3,2,72872),(71,364,59,60,2,72873),(71,364,61,60,2,72874),(71,364,63,20,2,72875),(71,364,71,60,2,72876),(71,364,72,60,2,72877),(71,364,73,60,2,72878),(71,364,75,60,2,72879),(71,364,78,60,2,72880),(71,364,81,60,2,72881),(71,364,82,60,2,72882),(71,364,84,60,2,72883),(71,364,88,60,2,72884),(71,364,99,60,2,72885),(71,364,2,60,3,72886),(71,364,3,5,3,72887),(71,364,13,60,3,72888),(71,364,14,60,3,72889),(71,364,16,60,3,72890),(71,364,17,60,3,72891),(71,364,33,60,3,72892),(71,364,34,20,3,72893),(71,364,35,20,3,72894),(71,364,38,20,3,72895),(71,364,51,30,3,72896),(71,364,52,30,3,72897),(71,364,55,10,3,72898),(71,364,58,3,3,72899),(71,364,59,60,3,72900),(71,364,61,60,3,72901),(71,364,63,20,3,72902),(71,364,71,60,3,72903),(71,364,72,60,3,72904),(71,364,73,60,3,72905),(71,364,75,60,3,72906),(71,364,78,60,3,72907),(71,364,81,60,3,72908),(71,364,82,60,3,72909),(71,364,84,60,3,72910),(71,364,88,60,3,72911),(71,364,99,60,3,72912),(71,363,1,29,3,72913),(71,363,2,60,3,72914),(71,363,4,60,3,72915),(71,363,11,60,3,72916),(71,363,19,60,3,72917),(71,363,31,60,3,72918),(71,363,51,30,3,72919),(71,363,55,10,3,72920),(71,363,56,30,3,72921),(71,363,57,10,3,72922),(71,363,59,60,3,72923),(71,363,62,20,3,72924),(71,363,71,60,3,72925),(71,363,72,60,3,72926),(71,363,80,60,3,72927),(71,363,75,60,3,72928),(71,363,89,60,3,72929),(72,365,1,30,0,72930),(72,365,11,60,0,72931),(72,365,12,60,0,72932),(72,365,14,60,0,72933),(72,365,17,60,0,72934),(72,365,21,30,0,72935),(72,365,32,60,0,72936),(72,365,33,30,0,72937),(72,365,34,10,0,72938),(72,365,38,4,0,72939),(72,365,52,30,0,72940),(72,365,53,60,0,72941),(72,365,55,10,0,72942),(72,365,56,30,0,72943),(72,365,57,20,0,72944),(72,365,59,60,0,72945),(72,365,61,60,0,72946),(72,365,62,30,0,72947),(72,365,63,30,0,72948),(72,365,72,60,0,72949),(72,365,73,60,0,72950),(72,365,76,60,0,72951),(72,365,88,60,0,72952),(72,365,1,30,1,72953),(72,365,11,60,1,72954),(72,365,12,60,1,72955),(72,365,14,60,1,72956),(72,365,17,60,1,72957),(72,365,21,30,1,72958),(72,365,32,60,1,72959),(72,365,33,30,1,72960),(72,365,34,10,1,72961),(72,365,38,4,1,72962),(72,365,52,30,1,72963),(72,365,53,60,1,72964),(72,365,55,10,1,72965),(72,365,56,30,1,72966),(72,365,57,20,1,72967),(72,365,59,60,1,72968),(72,365,61,60,1,72969),(72,365,62,30,1,72970),(72,365,63,30,1,72971),(72,365,72,60,1,72972),(72,365,73,60,1,72973),(72,365,76,60,1,72974),(72,365,88,60,1,72975),(72,365,1,25,2,72976),(72,365,11,60,2,72977),(72,365,12,60,2,72978),(72,365,14,60,2,72979),(72,365,17,60,2,72980),(72,365,21,30,2,72981),(72,365,32,60,2,72982),(72,365,33,30,2,72983),(72,365,34,10,2,72984),(72,365,38,4,2,72985),(72,365,52,0,2,72986),(72,365,53,0,2,72987),(72,365,55,10,2,72988),(72,365,56,30,2,72989),(72,365,57,20,2,72990),(72,365,59,60,2,72991),(72,365,61,60,2,72992),(72,365,62,30,2,72993),(72,365,63,30,2,72994),(72,365,72,0,2,72995),(72,365,73,0,2,72996),(72,365,76,60,2,72997),(72,365,88,60,2,72998),(72,365,1,18,3,72999),(72,365,11,60,3,73000),(72,365,12,60,3,73001),(72,365,14,60,3,73002),(72,365,17,60,3,73003),(72,365,21,30,3,73004),(72,365,32,60,3,73005),(72,365,33,30,3,73006),(72,365,34,10,3,73007),(72,365,38,4,3,73008),(72,365,52,0,3,73009),(72,365,53,0,3,73010),(72,365,55,10,3,73011),(72,365,56,30,3,73012),(72,365,57,20,3,73013),(72,365,59,60,3,73014),(72,365,61,60,3,73015),(72,365,62,30,3,73016),(72,365,63,30,3,73017),(72,365,72,0,3,73018),(72,365,73,0,3,73019),(72,365,76,60,3,73020),(72,365,88,60,3,73021),(73,366,1,30,0,73022),(73,366,11,60,0,73023),(73,366,12,60,0,73024),(73,366,14,60,0,73025),(73,366,17,60,0,73026),(73,366,21,30,0,73027),(73,366,32,60,0,73028),(73,366,33,30,0,73029),(73,366,34,10,0,73030),(73,366,38,4,0,73031),(73,366,52,30,0,73032),(73,366,53,60,0,73033),(73,366,55,10,0,73034),(73,366,56,30,0,73035),(73,366,57,20,0,73036),(73,366,59,60,0,73037),(73,366,61,60,0,73038),(73,366,62,30,0,73039),(73,366,63,30,0,73040),(73,366,72,60,0,73041),(73,366,73,60,0,73042),(73,366,76,60,0,73043),(73,366,88,60,0,73044),(73,366,1,30,1,73045),(73,366,11,60,1,73046),(73,366,12,60,1,73047),(73,366,14,60,1,73048),(73,366,17,60,1,73049),(73,366,21,30,1,73050),(73,366,32,60,1,73051),(73,366,33,30,1,73052),(73,366,34,10,1,73053),(73,366,38,4,1,73054),(73,366,52,30,1,73055),(73,366,53,60,1,73056),(73,366,55,10,1,73057),(73,366,56,30,1,73058),(73,366,57,20,1,73059),(73,366,59,60,1,73060),(73,366,61,60,1,73061),(73,366,62,30,1,73062),(73,366,63,30,1,73063),(73,366,72,60,1,73064),(73,366,73,60,1,73065),(73,366,76,60,1,73066),(73,366,88,60,1,73067),(73,366,1,30,2,73068),(73,366,11,60,2,73069),(73,366,12,60,2,73070),(73,366,14,60,2,73071),(73,366,17,60,2,73072),(73,366,21,30,2,73073),(73,366,32,60,2,73074),(73,366,33,30,2,73075),(73,366,34,10,2,73076),(73,366,38,4,2,73077),(73,366,52,30,2,73078),(73,366,53,60,2,73079),(73,366,55,10,2,73080),(73,366,56,0,2,73081),(73,366,57,20,2,73082),(73,366,59,60,2,73083),(73,366,61,60,2,73084),(73,366,62,30,2,73085),(73,366,63,30,2,73086),(73,366,72,60,2,73087),(73,366,73,60,2,73088),(73,366,76,60,2,73089),(73,366,88,60,2,73090),(73,366,1,30,3,73091),(73,366,11,60,3,73092),(73,366,12,60,3,73093),(73,366,14,60,3,73094),(73,366,17,60,3,73095),(73,366,21,30,3,73096),(73,366,32,60,3,73097),(73,366,33,30,3,73098),(73,366,34,10,3,73099),(73,366,38,4,3,73100),(73,366,52,30,3,73101),(73,366,53,60,3,73102),(73,366,55,10,3,73103),(73,366,56,1,3,73104),(73,366,57,20,3,73105),(73,366,59,60,3,73106),(73,366,61,60,3,73107),(73,366,62,30,3,73108),(73,366,63,30,3,73109),(73,366,72,60,3,73110),(73,366,73,60,3,73111),(73,366,76,60,3,73112),(73,366,88,60,3,73113),(74,367,2,60,0,73114),(74,367,11,60,0,73115),(74,367,14,60,0,73116),(74,367,17,60,0,73117),(74,367,31,60,0,73118),(74,367,35,15,0,73119),(74,367,38,5,0,73120),(74,367,51,60,0,73121),(74,367,52,60,0,73122),(74,367,55,10,0,73123),(74,367,57,5,0,73124),(74,367,58,12,0,73125),(74,367,59,60,0,73126),(74,367,62,30,0,73127),(74,367,71,60,0,73128),(74,367,72,60,0,73129),(74,367,76,60,0,73130),(74,367,78,20,0,73131),(74,367,81,60,0,73132),(74,367,88,10,0,73133),(74,367,2,60,1,73134),(74,367,11,60,1,73135),(74,367,14,60,1,73136),(74,367,17,60,1,73137),(74,367,31,60,1,73138),(74,367,35,15,1,73139),(74,367,38,5,1,73140),(74,367,51,60,1,73141),(74,367,52,0,1,73142),(74,367,55,10,1,73143),(74,367,57,5,1,73144),(74,367,58,12,1,73145),(74,367,59,60,1,73146),(74,367,62,0,1,73147),(74,367,71,60,1,73148),(74,367,72,0,1,73149),(74,367,76,60,1,73150),(74,367,78,20,1,73151),(74,367,81,60,1,73152),(74,367,88,10,1,73153),(74,367,2,60,2,73154),(74,367,11,60,2,73155),(74,367,14,60,2,73156),(74,367,17,60,2,73157),(74,367,31,60,2,73158),(74,367,35,15,2,73159),(74,367,38,5,2,73160),(74,367,51,60,2,73161),(74,367,52,60,2,73162),(74,367,55,10,2,73163),(74,367,57,5,2,73164),(74,367,58,12,2,73165),(74,367,59,60,2,73166),(74,367,62,5,2,73167),(74,367,71,60,2,73168),(74,367,72,60,2,73169),(74,367,76,60,2,73170),(74,367,78,20,2,73171),(74,367,81,60,2,73172),(74,367,88,10,2,73173),(74,367,2,60,3,73174),(74,367,11,60,3,73175),(74,367,14,60,3,73176),(74,367,17,60,3,73177),(74,367,31,60,3,73178),(74,367,35,15,3,73179),(74,367,38,5,3,73180),(74,367,51,60,3,73181),(74,367,52,60,3,73182),(74,367,55,10,3,73183),(74,367,57,5,3,73184),(74,367,58,12,3,73185),(74,367,59,60,3,73186),(74,367,62,11,3,73187),(74,367,71,60,3,73188),(74,367,72,60,3,73189),(74,367,76,60,3,73190),(74,367,78,20,3,73191),(74,367,81,60,3,73192),(74,367,88,10,3,73193);
/*!40000 ALTER TABLE `Choices` ENABLE KEYS */;
UNLOCK TABLES;

--
-- Table structure for table `House`
--

DROP TABLE IF EXISTS `House`;
/*!40101 SET @saved_cs_client     = @@character_set_client */;
/*!40101 SET character_set_client = utf8 */;
CREATE TABLE `House` (
  `idHouse` int(11) NOT NULL AUTO_INCREMENT,
  `Street_idStreet` int(11) DEFAULT NULL,
  `HouseType` int(11) DEFAULT NULL,
  `Round` int(3) DEFAULT '0',
  PRIMARY KEY (`idHouse`)
) ENGINE=InnoDB AUTO_INCREMENT=368 DEFAULT CHARSET=latin1;
/*!40101 SET character_set_client = @saved_cs_client */;

--
-- Dumping data for table `House`
--

LOCK TABLES `House` WRITE;
/*!40000 ALTER TABLE `House` DISABLE KEYS */;
INSERT INTO `House` VALUES (1,1,1,0),(363,71,2,3),(364,71,3,3),(365,72,4,3),(366,73,4,3),(367,74,5,3);
/*!40000 ALTER TABLE `House` ENABLE KEYS */;
UNLOCK TABLES;

--
-- Table structure for table `Round`
--

DROP TABLE IF EXISTS `Round`;
/*!40101 SET @saved_cs_client     = @@character_set_client */;
/*!40101 SET character_set_client = utf8 */;
CREATE TABLE `Round` (
  `idRound` int(11) NOT NULL AUTO_INCREMENT,
  `Street_idStreet` int(11) DEFAULT NULL,
  `Street_Round` int(11) DEFAULT NULL,
  `result` float DEFAULT NULL,
  `target` float DEFAULT NULL,
  PRIMARY KEY (`idRound`)
) ENGINE=InnoDB AUTO_INCREMENT=31 DEFAULT CHARSET=latin1;
/*!40101 SET character_set_client = @saved_cs_client */;

--
-- Dumping data for table `Round`
--

LOCK TABLES `Round` WRITE;
/*!40000 ALTER TABLE `Round` DISABLE KEYS */;
INSERT INTO `Round` VALUES (1,1,1,1,1),(19,71,1,13,11.7),(20,71,2,11,11.7),(21,71,3,11,11.7),(22,72,1,5,4.5),(23,72,2,5,4.5),(24,72,3,7.4,7.29),(25,73,1,8.1,7.29),(26,73,2,7,7.29),(27,73,3,7,7.29),(28,74,1,1.5,2.34),(29,74,2,1.7,2.34),(30,74,3,1.9,2.34);
/*!40000 ALTER TABLE `Round` ENABLE KEYS */;
UNLOCK TABLES;

--
-- Table structure for table `Street`
--

DROP TABLE IF EXISTS `Street`;
/*!40101 SET @saved_cs_client     = @@character_set_client */;
/*!40101 SET character_set_client = utf8 */;
CREATE TABLE `Street` (
  `idStreet` int(11) NOT NULL AUTO_INCREMENT,
  `StreetName` varchar(45) DEFAULT NULL,
  `started` timestamp NULL DEFAULT CURRENT_TIMESTAMP,
  `House_Round` int(11) DEFAULT '0',
  `Power_Points` int(11) DEFAULT NULL,
  PRIMARY KEY (`idStreet`)
) ENGINE=InnoDB AUTO_INCREMENT=75 DEFAULT CHARSET=latin1;
/*!40101 SET character_set_client = @saved_cs_client */;

--
-- Dumping data for table `Street`
--

LOCK TABLES `Street` WRITE;
/*!40000 ALTER TABLE `Street` DISABLE KEYS */;
INSERT INTO `Street` VALUES (0,'Default','2016-10-01 14:17:45',NULL,NULL),(1,'Test','2016-10-01 14:17:45',NULL,NULL),(71,'Ampere','2016-10-19 12:39:36',3,188),(72,'Volta','2016-10-19 12:42:29',3,0),(73,'South Parks Rd','2016-10-19 13:21:14',3,192),(74,'Queens Lane','2016-10-19 13:36:13',3,217);
/*!40000 ALTER TABLE `Street` ENABLE KEYS */;
UNLOCK TABLES;
/*!40103 SET TIME_ZONE=@OLD_TIME_ZONE */;

/*!40101 SET SQL_MODE=@OLD_SQL_MODE */;
/*!40014 SET FOREIGN_KEY_CHECKS=@OLD_FOREIGN_KEY_CHECKS */;
/*!40014 SET UNIQUE_CHECKS=@OLD_UNIQUE_CHECKS */;
/*!40101 SET CHARACTER_SET_CLIENT=@OLD_CHARACTER_SET_CLIENT */;
/*!40101 SET CHARACTER_SET_RESULTS=@OLD_CHARACTER_SET_RESULTS */;
/*!40101 SET COLLATION_CONNECTION=@OLD_COLLATION_CONNECTION */;
/*!40111 SET SQL_NOTES=@OLD_SQL_NOTES */;

-- Dump completed on 2016-10-19 14:38:36
